Token,Language
a,Spn
abajo,Spn
abandonado,Spn
abandonar,Spn
abandono,Spn
abanico,Spn
abarcar,Spn
abeja,Spn
abiertamente,Spn
abierto,Spn
abismo,Spn
abogado,Spn
abordar,Spn
abrazar,Spn
abrazo,Spn
abrigo,Spn
abril,Spn
abrir,Spn
absolutamente,Spn
absoluto,Spn
absorber,Spn
abstracción,Spn
abstracto,Spn
absurdo,Spn
abuela,Spn
abuelo,Spn
abundancia,Spn
abundante,Spn
abundar,Spn
aburrido,Spn
aburrimiento,Spn
aburrir,Spn
abusar,Spn
abuso,Spn
acá,Spn
acabar,Spn
academia,Spn
académico,Spn
acariciar,Spn
acarrear,Spn
acaso,Spn
acatar,Spn
acceder,Spn
accesible,Spn
acceso,Spn
accidente,Spn
acción,Spn
aceite,Spn
acelerado,Spn
acelerar,Spn
acento,Spn
acentuar,Spn
aceptable,Spn
aceptación,Spn
aceptar,Spn
acera,Spn
acerca,Spn
acercamiento,Spn
acercar,Spn
acero,Spn
acertado,Spn
acertar,Spn
ácido,Spn
acierto,Spn
aclarar,Spn
acoger,Spn
acomodado,Spn
acomodar,Spn
acompañar,Spn
aconsejar,Spn
acontecer,Spn
acontecimiento,Spn
acordar,Spn
acorde,Spn
acostar,Spn
acostumbrado,Spn
acostumbrar,Spn
acta,Spn
actitud,Spn
actividad,Spn
activo,Spn
acto,Spn
actor,Spn
actriz,Spn
actuación,Spn
actual,Spn
actualidad,Spn
actualmente,Spn
actuar,Spn
acudir,Spn
acuerdo,Spn
acumulación,Spn
acumular,Spn
acusación,Spn
acusar,Spn
adaptación,Spn
adaptar,Spn
adecuado,Spn
adelantar,Spn
adelante,Spn
adelanto,Spn
además,Spn
adentrar,Spn
adentro,Spn
adherir,Spn
adhesión,Spn
adicional,Spn
adiós,Spn
adivinar,Spn
adjetivo,Spn
administración,Spn
administrador,Spn
administrar,Spn
administrativo,Spn
admirable,Spn
admiración,Spn
admirador,Spn
admirar,Spn
admitir,Spn
adolescencia,Spn
adolescente,Spn
adonde,Spn
adónde,Spn
adoptar,Spn
adorar,Spn
adornar,Spn
adorno,Spn
adquirir,Spn
adquisición,Spn
adulto,Spn
adversario,Spn
advertencia,Spn
advertir,Spn
aéreo,Spn
aeropuerto,Spn
afán,Spn
afectar,Spn
afecto,Spn
aferrar,Spn
afición,Spn
aficionado,Spn
afín,Spn
afirmación,Spn
afirmar,Spn
aflojar,Spn
afortunadamente,Spn
afortunado,Spn
africano,Spn
afrontar,Spn
afuera,Spn
afueras,Spn
agarrar,Spn
agencia,Spn
agente,Spn
ágil,Spn
agitación,Spn
agitado,Spn
agitar,Spn
agonía,Spn
agosto,Spn
agotado,Spn
agotar,Spn
agradable,Spn
agradar,Spn
agradecer,Spn
agradecido,Spn
agradecimiento,Spn
agrario,Spn
agravar,Spn
agregar,Spn
agresión,Spn
agresividad,Spn
agresivo,Spn
agrícola,Spn
agricultor,Spn
agricultura,Spn
agrupar,Spn
agua,Spn
aguantar,Spn
aguardar,Spn
agudo,Spn
aguja,Spn
agujero,Spn
ah,Spn
ahí,Spn
ahogar,Spn
ahora,Spn
ahorrar,Spn
ahorro,Spn
aire,Spn
aislado,Spn
aislamiento,Spn
aislar,Spn
ajeno,Spn
ajustar,Spn
ajuste,Spn
ala,Spn
alambre,Spn
alargar,Spn
alarma,Spn
alarmante,Spn
alarmar,Spn
albergar,Spn
alcalde,Spn
alcance,Spn
alcanzar,Spn
alcohol,Spn
aldea,Spn
alegar,Spn
alegrar,Spn
alegre,Spn
alegría,Spn
alejado,Spn
alejar,Spn
alemán,Spn
alentar,Spn
alerta,Spn
alertar,Spn
alfombra,Spn
algo,Spn
algodón,Spn
alguien,Spn
alguno,Spn
aliado,Spn
alianza,Spn
aliento,Spn
alimentación,Spn
alimentar,Spn
alimento,Spn
aliviar,Spn
alivio,Spn
allá,Spn
allí,Spn
alma,Spn
almacén,Spn
almohada,Spn
almorzar,Spn
almuerzo,Spn
alojar,Spn
alquilar,Spn
alquiler,Spn
alrededor,Spn
altamente,Spn
altar,Spn
alteración,Spn
alterar,Spn
alternar,Spn
alternativa,Spn
alternativo,Spn
altísimo,Spn
alto,Spn
altura,Spn
aludir,Spn
alumbrar,Spn
alumno,Spn
alusión,Spn
alzar,Spn
ama,Spn
amable,Spn
amanecer,Spn
amante,Spn
amar,Spn
amargo,Spn
amargura,Spn
amarillo,Spn
ambición,Spn
ambicioso,Spn
ambiente,Spn
ambiguo,Spn
ámbito,Spn
ambos,Spn
ambulante,Spn
amenaza,Spn
amenazado,Spn
amenazar,Spn
americano,Spn
amiga,Spn
amigo,Spn
amistad,Spn
amistoso,Spn
amo,Spn
amor,Spn
amoroso,Spn
amparo,Spn
ampliación,Spn
ampliamente,Spn
ampliar,Spn
amplio,Spn
amplitud,Spn
añadir,Spn
análisis,Spn
analizar,Spn
ancho,Spn
anciano,Spn
andaluz,Spn
andar,Spn
anécdota,Spn
ángel,Spn
ángulo,Spn
angustia,Spn
angustiado,Spn
angustioso,Spn
anhelo,Spn
anillo,Spn
animado,Spn
animal,Spn
animar,Spn
ánimo,Spn
aniversario,Spn
año,Spn
anoche,Spn
anónimo,Spn
anotar,Spn
ansia,Spn
ansiedad,Spn
ansioso,Spn
antaño,Spn
ante,Spn
antecedente,Spn
antemano,Spn
antena,Spn
antepasado,Spn
anterior,Spn
anteriormente,Spn
antes,Spn
anticipar,Spn
antigüedad,Spn
antiguo,Spn
anual,Spn
anular,Spn
anunciar,Spn
anuncio,Spn
apagado,Spn
apagar,Spn
aparato,Spn
aparecer,Spn
aparentar,Spn
aparente,Spn
aparentemente,Spn
aparición,Spn
apariencia,Spn
apartar,Spn
aparte,Spn
apasionado,Spn
apelar,Spn
apellido,Spn
apenas,Spn
apertura,Spn
apetito,Spn
aplastado,Spn
aplastar,Spn
aplaudir,Spn
aplauso,Spn
aplicación,Spn
aplicado,Spn
aplicar,Spn
apoderar,Spn
aportar,Spn
aporte,Spn
apostar,Spn
apoyar,Spn
apoyo,Spn
apreciación,Spn
apreciar,Spn
aprender,Spn
aprendizaje,Spn
apresurar,Spn
apretado,Spn
apretar,Spn
aprobación,Spn
aprobar,Spn
apropiado,Spn
aprovechar,Spn
aproximación,Spn
aproximadamente,Spn
aproximar,Spn
apto,Spn
apuesta,Spn
apuntar,Spn
apunte,Spn
apurar,Spn
apuro,Spn
aquel,Spn
aquél,Spn
aquello,Spn
aquí,Spn
árabe,Spn
araña,Spn
arbitrario,Spn
árbol,Spn
archivo,Spn
arco,Spn
arder,Spn
ardiente,Spn
área,Spn
arena,Spn
argentino,Spn
argumentar,Spn
argumento,Spn
árido,Spn
arma,Spn
armado,Spn
armar,Spn
armonía,Spn
aroma,Spn
arquitecto,Spn
arquitectura,Spn
arrancar,Spn
arranque,Spn
arrasar,Spn
arrastrar,Spn
arrebatar,Spn
arreglar,Spn
arreglo,Spn
arrepentir,Spn
arriba,Spn
arriesgar,Spn
arrojar,Spn
arroyo,Spn
arroz,Spn
arte,Spn
artefacto,Spn
articular,Spn
artículo,Spn
artificial,Spn
artista,Spn
artístico,Spn
asaltar,Spn
asalto,Spn
asamblea,Spn
ascender,Spn
ascenso,Spn
ascensor,Spn
asco,Spn
asegurar,Spn
asentar,Spn
asentir,Spn
asesinar,Spn
asesinato,Spn
asesino,Spn
asesor,Spn
así,Spn
asiento,Spn
asignar,Spn
asilo,Spn
asimilar,Spn
asimismo,Spn
asistencia,Spn
asistente,Spn
asistir,Spn
asociación,Spn
asociar,Spn
asomar,Spn
asombrado,Spn
asombrar,Spn
asombro,Spn
asombroso,Spn
aspecto,Spn
áspero,Spn
aspiración,Spn
aspirar,Spn
astro,Spn
asumir,Spn
asunto,Spn
asustado,Spn
asustar,Spn
atacar,Spn
ataque,Spn
atar,Spn
atardecer,Spn
atención,Spn
atender,Spn
atener,Spn
atentado,Spn
atento,Spn
atmósfera,Spn
atracción,Spn
atractivo,Spn
atraer,Spn
atrapado,Spn
atrapar,Spn
atrás,Spn
atrasado,Spn
atravesar,Spn
atrever,Spn
atribuir,Spn
atributo,Spn
atroz,Spn
audacia,Spn
audaz,Spn
audiencia,Spn
aula,Spn
aumentar,Spn
aumento,Spn
aun,Spn
aún,Spn
aunque,Spn
ausencia,Spn
ausente,Spn
auténtico,Spn
auto,Spn
autobús,Spn
automáticamente,Spn
automático,Spn
automóvil,Spn
autonomía,Spn
autónomo,Spn
autopista,Spn
autor,Spn
autoridad,Spn
autoritario,Spn
autorización,Spn
autorizado,Spn
autorizar,Spn
auxiliar,Spn
auxilio,Spn
avance,Spn
avanzado,Spn
avanzar,Spn
ave,Spn
avenida,Spn
aventura,Spn
aventurar,Spn
averiguar,Spn
avión,Spn
avisar,Spn
aviso,Spn
ay,Spn
ayer,Spn
ayuda,Spn
ayudante,Spn
ayudar,Spn
azar,Spn
azúcar,Spn
azul,Spn
bachillerato,Spn
bahía,Spn
bailar,Spn
bailarín,Spn
baile,Spn
bajar,Spn
bajo,Spn
bala,Spn
balance,Spn
balanza,Spn
balcón,Spn
bañar,Spn
bancario,Spn
banco,Spn
banda,Spn
bandeja,Spn
bandera,Spn
bando,Spn
baño,Spn
banquete,Spn
bar,Spn
barato,Spn
barba,Spn
barbaridad,Spn
bárbaro,Spn
barco,Spn
barra,Spn
barrer,Spn
barrera,Spn
barrio,Spn
barro,Spn
basar,Spn
base,Spn
básicamente,Spn
básico,Spn
bastante,Spn
bastar,Spn
bastón,Spn
basura,Spn
batalla,Spn
batería,Spn
batir,Spn
bautizar,Spn
bebé,Spn
beber,Spn
bebida,Spn
beca,Spn
bélico,Spn
belleza,Spn
bello,Spn
bendito,Spn
beneficiar,Spn
beneficio,Spn
besar,Spn
beso,Spn
bestia,Spn
bíblico,Spn
biblioteca,Spn
bicho,Spn
bicicleta,Spn
bien,Spn
bienestar,Spn
bigote,Spn
billete,Spn
biografía,Spn
biológico,Spn
blanco,Spn
blando,Spn
bloque,Spn
boca,Spn
boda,Spn
bodega,Spn
bola,Spn
bolsa,Spn
bolsillo,Spn
bomba,Spn
bondad,Spn
bonito,Spn
borde,Spn
bordear,Spn
bordo,Spn
borrar,Spn
bosque,Spn
bota,Spn
bote,Spn
botella,Spn
botón,Spn
brasileño,Spn
bravo,Spn
brazo,Spn
breve,Spn
brevemente,Spn
brillante,Spn
brillar,Spn
brillo,Spn
brindar,Spn
británico,Spn
broma,Spn
bronce,Spn
brotar,Spn
bruja,Spn
bruscamente,Spn
brusco,Spn
brutal,Spn
bruto,Spn
bueno,Spn
buey,Spn
bulto,Spn
buque,Spn
burla,Spn
burlar,Spn
burro,Spn
busca,Spn
buscar,Spn
búsqueda,Spn
caballería,Spn
caballero,Spn
caballo,Spn
cabecera,Spn
cabello,Spn
caber,Spn
cabeza,Spn
cabina,Spn
cable,Spn
cabo,Spn
cabra,Spn
cada,Spn
cadáver,Spn
cadena,Spn
cadera,Spn
caer,Spn
café,Spn
caída,Spn
caído,Spn
caja,Spn
cajón,Spn
cal,Spn
calcular,Spn
cálculo,Spn
caldo,Spn
calendario,Spn
calentar,Spn
calidad,Spn
cálido,Spn
caliente,Spn
calificación,Spn
calificar,Spn
callado,Spn
callar,Spn
calle,Spn
callejero,Spn
calma,Spn
calmar,Spn
calor,Spn
calzar,Spn
cama,Spn
cámara,Spn
cambiar,Spn
cambio,Spn
caminar,Spn
camino,Spn
camión,Spn
camisa,Spn
camiseta,Spn
campamento,Spn
campana,Spn
campaña,Spn
campeón,Spn
campesino,Spn
campo,Spn
caña,Spn
canal,Spn
cáncer,Spn
cancha,Spn
canción,Spn
candidato,Spn
cañón,Spn
cansado,Spn
cansancio,Spn
cansar,Spn
cantante,Spn
cantar,Spn
cantidad,Spn
canto,Spn
caos,Spn
capa,Spn
capacidad,Spn
capaz,Spn
capilla,Spn
capital,Spn
capitán,Spn
capítulo,Spn
capricho,Spn
caprichoso,Spn
captar,Spn
capturar,Spn
cara,Spn
carácter,Spn
característica,Spn
característico,Spn
caracterizar,Spn
caramelo,Spn
carbón,Spn
carcajada,Spn
cárcel,Spn
carecer,Spn
carencia,Spn
carente,Spn
carga,Spn
cargar,Spn
cargo,Spn
caridad,Spn
cariño,Spn
cariñoso,Spn
carne,Spn
caro,Spn
carrera,Spn
carretera,Spn
carro,Spn
carta,Spn
cartel,Spn
cartera,Spn
cartón,Spn
casa,Spn
casado,Spn
casar,Spn
casco,Spn
casero,Spn
casi,Spn
casita,Spn
caso,Spn
castellano,Spn
castigar,Spn
castigo,Spn
castillo,Spn
casualidad,Spn
catalán,Spn
catálogo,Spn
catástrofe,Spn
cátedra,Spn
catedral,Spn
categoría,Spn
católico,Spn
catorce,Spn
cauce,Spn
caudal,Spn
causa,Spn
causar,Spn
cautela,Spn
caza,Spn
cazador,Spn
cazar,Spn
ceder,Spn
ceja,Spn
celebración,Spn
celebrar,Spn
célebre,Spn
celeste,Spn
celo,Spn
celoso,Spn
célula,Spn
cementerio,Spn
cemento,Spn
cena,Spn
cenar,Spn
ceñir,Spn
ceniza,Spn
censura,Spn
centavo,Spn
centenar,Spn
centímetro,Spn
central,Spn
centrar,Spn
centro,Spn
cera,Spn
cerca,Spn
cercanía,Spn
cercano,Spn
cerco,Spn
cerdo,Spn
cerebral,Spn
cerebro,Spn
ceremonia,Spn
cero,Spn
cerrado,Spn
cerrar,Spn
cerro,Spn
certeza,Spn
cerveza,Spn
cesar,Spn
chaqueta,Spn
charla,Spn
charlar,Spn
chica,Spn
chico,Spn
chileno,Spn
chimenea,Spn
chino,Spn
chiquillo,Spn
chispa,Spn
chiste,Spn
chocar,Spn
chocolate,Spn
choque,Spn
chorro,Spn
chupar,Spn
ciclo,Spn
ciego,Spn
cielo,Spn
ciencia,Spn
científico,Spn
ciento,Spn
cierre,Spn
ciertamente,Spn
cierto,Spn
cifra,Spn
cigarrillo,Spn
cima,Spn
cinco,Spn
cincuenta,Spn
cine,Spn
cinta,Spn
cintura,Spn
cinturón,Spn
circo,Spn
circuito,Spn
circulación,Spn
circular,Spn
círculo,Spn
circunstancia,Spn
cirujano,Spn
cita,Spn
citar,Spn
ciudad,Spn
ciudadano,Spn
civil,Spn
civilización,Spn
civilizado,Spn
clandestino,Spn
claramente,Spn
claridad,Spn
claro,Spn
clase,Spn
clásico,Spn
clasificación,Spn
clasificar,Spn
clavar,Spn
clave,Spn
clavo,Spn
cliente,Spn
clientela,Spn
clima,Spn
clínica,Spn
clínico,Spn
club,Spn
cobrar,Spn
cobre,Spn
coche,Spn
cocina,Spn
cocinar,Spn
cocinero,Spn
coco,Spn
código,Spn
codo,Spn
coger,Spn
coherente,Spn
cohete,Spn
coincidencia,Spn
coincidir,Spn
cola,Spn
colaboración,Spn
colaborador,Spn
colaborar,Spn
colar,Spn
colchón,Spn
colección,Spn
colectivo,Spn
colega,Spn
colegio,Spn
cólera,Spn
colgado,Spn
colgar,Spn
colina,Spn
collar,Spn
colmo,Spn
colocar,Spn
colombiano,Spn
colonia,Spn
colonial,Spn
color,Spn
colorado,Spn
columna,Spn
coma,Spn
comandante,Spn
comando,Spn
combate,Spn
combatir,Spn
combinación,Spn
combinado,Spn
combinar,Spn
comedia,Spn
comedor,Spn
comentar,Spn
comentario,Spn
comenzar,Spn
comer,Spn
comercial,Spn
comerciante,Spn
comercio,Spn
cometa,Spn
cometer,Spn
cómico,Spn
comida,Spn
comienzo,Spn
comisario,Spn
comisión,Spn
como,Spn
cómo,Spn
comodidad,Spn
cómodo,Spn
compacto,Spn
compañera,Spn
compañero,Spn
compañía,Spn
comparable,Spn
comparación,Spn
comparar,Spn
compartir,Spn
compás,Spn
compatriota,Spn
compensación,Spn
compensar,Spn
competencia,Spn
competir,Spn
complacer,Spn
complejidad,Spn
complejo,Spn
complementar,Spn
complementario,Spn
complemento,Spn
completamente,Spn
completar,Spn
completo,Spn
complicación,Spn
complicado,Spn
complicar,Spn
cómplice,Spn
complicidad,Spn
componente,Spn
componer,Spn
comportamiento,Spn
comportar,Spn
composición,Spn
compra,Spn
comprador,Spn
comprar,Spn
comprender,Spn
compresible,Spn
comprensión,Spn
comprensivo,Spn
comprobar,Spn
comprometer,Spn
comprometido,Spn
compromiso,Spn
compuesto,Spn
computadora,Spn
común,Spn
comunicación,Spn
comunicar,Spn
comunidad,Spn
comunión,Spn
comunismo,Spn
comunista,Spn
comunitario,Spn
con,Spn
concebir,Spn
conceder,Spn
concentración,Spn
concentrar,Spn
concepción,Spn
concepto,Spn
concesión,Spn
conciencia,Spn
concierto,Spn
concluir,Spn
conclusión,Spn
concretamente,Spn
concretar,Spn
concreto,Spn
concurrencia,Spn
concurrir,Spn
concurso,Spn
condena,Spn
condenar,Spn
condición,Spn
condicionado,Spn
condicionar,Spn
conducir,Spn
conducta,Spn
conductor,Spn
conectar,Spn
conejo,Spn
conexión,Spn
conferencia,Spn
conferir,Spn
confesar,Spn
confesión,Spn
confianza,Spn
confiar,Spn
configurar,Spn
confirmar,Spn
conflicto,Spn
conformar,Spn
conforme,Spn
confundido,Spn
confundir,Spn
confusión,Spn
confuso,Spn
congelado,Spn
congreso,Spn
conjunto,Spn
conmigo,Spn
conmover,Spn
conocedor,Spn
conocer,Spn
conocido,Spn
conocimiento,Spn
conquista,Spn
conquistar,Spn
consagrado,Spn
consagrar,Spn
consciente,Spn
consecuencia,Spn
conseguir,Spn
consejero,Spn
consejo,Spn
consentir,Spn
conservación,Spn
conservador,Spn
conservar,Spn
considerable,Spn
consideración,Spn
considerar,Spn
consigna,Spn
consiguiente,Spn
consistencia,Spn
consistir,Spn
consolar,Spn
consolidar,Spn
conspiración,Spn
constancia,Spn
constante,Spn
constantemente,Spn
constar,Spn
constatar,Spn
constitución,Spn
constitucional,Spn
constituir,Spn
construcción,Spn
constructivo,Spn
construir,Spn
consuelo,Spn
consulta,Spn
consultar,Spn
consumar,Spn
consumir,Spn
consumo,Spn
contacto,Spn
contagiar,Spn
contar,Spn
contemplar,Spn
contemporáneo,Spn
contener,Spn
contenido,Spn
contento,Spn
contestación,Spn
contestar,Spn
contexto,Spn
contienda,Spn
contigo,Spn
continente,Spn
continuación,Spn
continuamente,Spn
continuar,Spn
continuidad,Spn
continuo,Spn
contorno,Spn
contra,Spn
contradecir,Spn
contradicción,Spn
contradictorio,Spn
contraer,Spn
contrario,Spn
contrastar,Spn
contraste,Spn
contratar,Spn
contrato,Spn
contribución,Spn
contribuir,Spn
control,Spn
controlar,Spn
contundente,Spn
convencer,Spn
convencido,Spn
convencimiento,Spn
convención,Spn
convencional,Spn
conveniencia,Spn
conveniente,Spn
convenir,Spn
convento,Spn
conversación,Spn
conversar,Spn
convertir,Spn
convicción,Spn
convincente,Spn
convivencia,Spn
convivir,Spn
convocar,Spn
cooperación,Spn
copa,Spn
copia,Spn
copiar,Spn
coraje,Spn
corazón,Spn
corbata,Spn
cordial,Spn
cordillera,Spn
cordón,Spn
coro,Spn
corona,Spn
coronar,Spn
coronel,Spn
corporal,Spn
corral,Spn
corrección,Spn
correctamente,Spn
correcto,Spn
corredor,Spn
corregir,Spn
correo,Spn
correr,Spn
correspondencia,Spn
corresponder,Spn
correspondiente,Spn
corriente,Spn
corrupción,Spn
cortar,Spn
corte,Spn
cortesía,Spn
corteza,Spn
cortina,Spn
corto,Spn
cosa,Spn
cosecha,Spn
coser,Spn
costa,Spn
costado,Spn
costar,Spn
costo,Spn
costoso,Spn
costumbre,Spn
cotidiano,Spn
cráneo,Spn
creación,Spn
creador,Spn
crear,Spn
creativo,Spn
crecer,Spn
creciente,Spn
crecimiento,Spn
crédito,Spn
creencia,Spn
creer,Spn
crema,Spn
cría,Spn
criar,Spn
criatura,Spn
crimen,Spn
criminal,Spn
crisis,Spn
cristal,Spn
cristiano,Spn
criterio,Spn
crítica,Spn
criticar,Spn
crítico,Spn
crónica,Spn
crónico,Spn
cruce,Spn
crudo,Spn
cruel,Spn
crueldad,Spn
cruz,Spn
cruzar,Spn
cuaderno,Spn
cuadra,Spn
cuadrado,Spn
cuadro,Spn
cual,Spn
cuál,Spn
cualidad,Spn
cualquier,Spn
cuando,Spn
cuándo,Spn
cuanto,Spn
cuánto,Spn
cuarenta,Spn
cuartel,Spn
cuarto,Spn
cuatro,Spn
cubano,Spn
cubierta,Spn
cubierto,Spn
cubrir,Spn
cuchillo,Spn
cuello,Spn
cuenca,Spn
cuenta,Spn
cuento,Spn
cuerda,Spn
cuerno,Spn
cuero,Spn
cuerpo,Spn
cuestión,Spn
cuestionar,Spn
cueva,Spn
cuidado,Spn
cuidadosamente,Spn
cuidadoso,Spn
cuidar,Spn
culminar,Spn
culpa,Spn
culpable,Spn
cultivar,Spn
cultivo,Spn
culto,Spn
cultura,Spn
cultural,Spn
cumbre,Spn
cumpleaños,Spn
cumplimiento,Spn
cumplir,Spn
cuna,Spn
cuota,Spn
cúpula,Spn
cura,Spn
curar,Spn
curiosamente,Spn
curiosidad,Spn
curioso,Spn
curso,Spn
curva,Spn
cuyo,Spn
dado,Spn
dama,Spn
dañar,Spn
daño,Spn
danza,Spn
dar,Spn
dato,Spn
de,Spn
debajo,Spn
debate,Spn
debatir,Spn
deber,Spn
debidamente,Spn
debido,Spn
débil,Spn
debilidad,Spn
debilitar,Spn
década,Spn
decadencia,Spn
decaer,Spn
decena,Spn
decente,Spn
decepción,Spn
decididamente,Spn
decidido,Spn
decidir,Spn
décimo,Spn
decir,Spn
decisión,Spn
decisivo,Spn
declaración,Spn
declarar,Spn
decoración,Spn
decreto,Spn
dedicación,Spn
dedicar,Spn
dedo,Spn
deducir,Spn
defecto,Spn
defender,Spn
defensa,Spn
defensivo,Spn
defensor,Spn
definición,Spn
definido,Spn
definir,Spn
definitivamente,Spn
definitivo,Spn
dejar,Spn
delante,Spn
delgado,Spn
delicadeza,Spn
delicado,Spn
delicioso,Spn
delincuente,Spn
delirio,Spn
delito,Spn
demanda,Spn
demandar,Spn
demás,Spn
demasiado,Spn
democracia,Spn
democrático,Spn
demonio,Spn
demorar,Spn
demostración,Spn
demostrar,Spn
denominación,Spn
denominar,Spn
densidad,Spn
denso,Spn
dentro,Spn
denuncia,Spn
denunciar,Spn
departamento,Spn
dependencia,Spn
depender,Spn
deporte,Spn
deportivo,Spn
depositar,Spn
depósito,Spn
depresión,Spn
derecha,Spn
derecho,Spn
derivar,Spn
derramar,Spn
derribar,Spn
derrota,Spn
derrotar,Spn
derrumbar,Spn
desacuerdo,Spn
desafiar,Spn
desafío,Spn
desagradable,Spn
desaparecer,Spn
desaparecido,Spn
desaparición,Spn
desarrollado,Spn
desarrollar,Spn
desarrollo,Spn
desastre,Spn
desatar,Spn
desayunar,Spn
desayuno,Spn
desbordar,Spn
descalzo,Spn
descansar,Spn
descanso,Spn
descarga,Spn
descargar,Spn
descartar,Spn
descender,Spn
descendiente,Spn
descenso,Spn
descifrar,Spn
descomponer,Spn
desconcertado,Spn
desconcierto,Spn
desconfianza,Spn
desconocer,Spn
desconocido,Spn
describir,Spn
descripción,Spn
descubrimiento,Spn
descubrir,Spn
descuidar,Spn
descuido,Spn
desde,Spn
deseable,Spn
desear,Spn
desechar,Spn
desembocar,Spn
desempeñar,Spn
desencadenar,Spn
desenlace,Spn
desenvolver,Spn
deseo,Spn
desequilibrio,Spn
desesperación,Spn
desesperado,Spn
desesperar,Spn
desfilar,Spn
desfile,Spn
desgracia,Spn
desgraciadamente,Spn
deshacer,Spn
desierto,Spn
designar,Spn
desigual,Spn
desilusión,Spn
deslizar,Spn
desmentir,Spn
desnudo,Spn
desorden,Spn
desordenado,Spn
despacho,Spn
despacio,Spn
despedida,Spn
despedir,Spn
despejar,Spn
desperdicio,Spn
despertar,Spn
despierto,Spn
desplazamiento,Spn
desplazar,Spn
desplegar,Spn
despliegue,Spn
despojar,Spn
despreciar,Spn
desprecio,Spn
desprender,Spn
después,Spn
destacado,Spn
destacar,Spn
destinar,Spn
destino,Spn
destreza,Spn
destrozar,Spn
destrucción,Spn
destruido,Spn
destruir,Spn
desviar,Spn
detallado,Spn
detalle,Spn
detectar,Spn
detención,Spn
detener,Spn
deteriorar,Spn
deterioro,Spn
determinación,Spn
determinado,Spn
determinar,Spn
detrás,Spn
deuda,Spn
devoción,Spn
devolver,Spn
devorar,Spn
día,Spn
diablo,Spn
diagnóstico,Spn
dialogar,Spn
diálogo,Spn
diamante,Spn
diariamente,Spn
diario,Spn
dibujar,Spn
dibujo,Spn
diccionario,Spn
dicha,Spn
dicho,Spn
dichoso,Spn
diciembre,Spn
dictador,Spn
dictadura,Spn
dictar,Spn
dieciocho,Spn
dieciséis,Spn
diecisiete,Spn
diente,Spn
dieta,Spn
diez,Spn
diferencia,Spn
diferenciar,Spn
diferente,Spn
difícil,Spn
difícilmente,Spn
dificultad,Spn
difundir,Spn
difusión,Spn
dignidad,Spn
digno,Spn
diligencia,Spn
diluir,Spn
dimensión,Spn
diminuto,Spn
dinámica,Spn
dinámico,Spn
dinero,Spn
dios,Spn
diplomático,Spn
diputado,Spn
dirección,Spn
directamente,Spn
directo,Spn
director,Spn
dirigente,Spn
dirigir,Spn
disciplina,Spn
discípulo,Spn
disco,Spn
discreto,Spn
disculpa,Spn
disculpar,Spn
discurrir,Spn
discurso,Spn
discusión,Spn
discutir,Spn
diseñar,Spn
diseño,Spn
disfrazado,Spn
disfrazar,Spn
disfrutar,Spn
disgusto,Spn
disimular,Spn
disipar,Spn
disminuir,Spn
disolver,Spn
disparar,Spn
disparate,Spn
disparo,Spn
dispersar,Spn
disperso,Spn
disponer,Spn
disponible,Spn
disposición,Spn
dispuesto,Spn
disputa,Spn
disputar,Spn
distancia,Spn
distante,Spn
distinción,Spn
distinguido,Spn
distinguir,Spn
distinto,Spn
distracción,Spn
distraer,Spn
distribución,Spn
distribuir,Spn
diversidad,Spn
diversión,Spn
diverso,Spn
divertido,Spn
divertir,Spn
dividir,Spn
divino,Spn
división,Spn
divorcio,Spn
doblar,Spn
doble,Spn
doce,Spn
docena,Spn
doctor,Spn
doctrina,Spn
documentación,Spn
documento,Spn
dólar,Spn
doler,Spn
dolor,Spn
doloroso,Spn
doméstico,Spn
domicilio,Spn
dominante,Spn
dominar,Spn
domingo,Spn
dominio,Spn
don,Spn
doña,Spn
donde,Spn
dónde,Spn
dorado,Spn
dormido,Spn
dormir,Spn
dormitorio,Spn
dos,Spn
doscientos,Spn
dosis,Spn
dotado,Spn
dotar,Spn
drama,Spn
dramático,Spn
droga,Spn
duda,Spn
dudar,Spn
dudoso,Spn
duelo,Spn
dueña,Spn
dueño,Spn
dulce,Spn
duración,Spn
duramente,Spn
durante,Spn
durar,Spn
dureza,Spn
duro,Spn
echar,Spn
eclesiástico,Spn
eco,Spn
economía,Spn
económicamente,Spn
económico,Spn
economista,Spn
edad,Spn
edición,Spn
edificación,Spn
edificio,Spn
editar,Spn
editor,Spn
editorial,Spn
educación,Spn
educado,Spn
educar,Spn
educativo,Spn
efectivamente,Spn
efectivo,Spn
efecto,Spn
efectuar,Spn
eficacia,Spn
eficaz,Spn
eficiencia,Spn
eficiente,Spn
efímero,Spn
egoísmo,Spn
egoísta,Spn
eh,Spn
eje,Spn
ejecución,Spn
ejecutar,Spn
ejecutivo,Spn
ejemplar,Spn
ejemplo,Spn
ejercer,Spn
ejercicio,Spn
ejército,Spn
el,Spn
él,Spn
elaboración,Spn
elaborar,Spn
elección,Spn
electoral,Spn
electricidad,Spn
eléctrico,Spn
electrónico,Spn
elefante,Spn
elegancia,Spn
elegante,Spn
elegir,Spn
elemental,Spn
elemento,Spn
elevación,Spn
elevado,Spn
elevar,Spn
eliminar,Spn
ella,Spn
ello,Spn
elocuente,Spn
elogio,Spn
eludir,Spn
embajada,Spn
embajador,Spn
embarazada,Spn
embarazo,Spn
embarcar,Spn
embargo,Spn
emergencia,Spn
emerger,Spn
emigrar,Spn
emisión,Spn
emisor,Spn
emitir,Spn
emoción,Spn
emocional,Spn
emocionar,Spn
empeñar,Spn
empeño,Spn
emperador,Spn
empezar,Spn
empleado,Spn
emplear,Spn
empleo,Spn
emprender,Spn
empresa,Spn
empresario,Spn
empujar,Spn
en,Spn
enamorado,Spn
enamorar,Spn
encabezar,Spn
encajar,Spn
encaje,Spn
encaminar,Spn
encantado,Spn
encantador,Spn
encantar,Spn
encanto,Spn
encarar,Spn
encargado,Spn
encargar,Spn
encargo,Spn
encarnar,Spn
encender,Spn
encendido,Spn
encerrado,Spn
encerrar,Spn
encima,Spn
encomendar,Spn
encontrar,Spn
encuentro,Spn
encuesta,Spn
endurecer,Spn
enemigo,Spn
energía,Spn
enérgico,Spn
enero,Spn
énfasis,Spn
enfermar,Spn
enfermedad,Spn
enfermero,Spn
enfermo,Spn
enfocar,Spn
enfoque,Spn
enfrentamiento,Spn
enfrentar,Spn
enfrente,Spn
enfriar,Spn
engañar,Spn
engaño,Spn
engendrar,Spn
engordar,Spn
enigma,Spn
enlace,Spn
enlazar,Spn
enorme,Spn
enormemente,Spn
enredar,Spn
enriquecer,Spn
ensayar,Spn
ensayo,Spn
enseguida,Spn
enseñanza,Spn
enseñar,Spn
ensuciar,Spn
entablar,Spn
ente,Spn
entender,Spn
entendido,Spn
entendimiento,Spn
enterado,Spn
enteramente,Spn
enterar,Spn
entero,Spn
enterrado,Spn
enterrar,Spn
entidad,Spn
entierro,Spn
entonces,Spn
entorno,Spn
entrada,Spn
entrañas,Spn
entrar,Spn
entre,Spn
entrega,Spn
entregar,Spn
entrenamiento,Spn
entrenar,Spn
entretener,Spn
entrevista,Spn
entrevistar,Spn
entusiasmado,Spn
entusiasmar,Spn
entusiasmo,Spn
entusiasta,Spn
enumerar,Spn
envergadura,Spn
enviar,Spn
envidia,Spn
envidiar,Spn
envolver,Spn
envuelto,Spn
episodio,Spn
época,Spn
equilibrar,Spn
equilibrio,Spn
equipo,Spn
equivalente,Spn
equivaler,Spn
equivocación,Spn
equivocado,Spn
equivocar,Spn
era,Spn
erótico,Spn
error,Spn
escala,Spn
escalera,Spn
escándalo,Spn
escapar,Spn
escaparate,Spn
escasez,Spn
escaso,Spn
escena,Spn
escenario,Spn
esclavo,Spn
escoger,Spn
escolar,Spn
esconder,Spn
escondido,Spn
escribir,Spn
escrito,Spn
escritor,Spn
escritorio,Spn
escritura,Spn
escuchar,Spn
escudo,Spn
escuela,Spn
escultura,Spn
ese,Spn
ése,Spn
esencia,Spn
esencial,Spn
esencialmente,Spn
esfera,Spn
esforzar,Spn
esfuerzo,Spn
eso,Spn
espacial,Spn
espacio,Spn
espada,Spn
espalda,Spn
español,Spn
espantar,Spn
espantoso,Spn
especial,Spn
especialidad,Spn
especialista,Spn
especializar,Spn
especialmente,Spn
especie,Spn
específicamente,Spn
específico,Spn
espectacular,Spn
espectáculo,Spn
espectador,Spn
espectro,Spn
especulación,Spn
espejo,Spn
espera,Spn
esperanza,Spn
esperar,Spn
espeso,Spn
espina,Spn
espíritu,Spn
espiritual,Spn
espléndido,Spn
esplendor,Spn
espontáneamente,Spn
espontáneo,Spn
esporádico,Spn
esposa,Spn
esposo,Spn
espuma,Spn
esqueleto,Spn
esquema,Spn
esquina,Spn
estabilidad,Spn
estable,Spn
establecer,Spn
establecido,Spn
establecimiento,Spn
estación,Spn
estadio,Spn
estadística,Spn
estadístico,Spn
estado,Spn
estallar,Spn
estallido,Spn
estampa,Spn
estancia,Spn
estar,Spn
estatal,Spn
estático,Spn
estatua,Spn
estatura,Spn
este,Spn
éste,Spn
estéril,Spn
estética,Spn
estético,Spn
estilo,Spn
estimar,Spn
estimular,Spn
estímulo,Spn
estirar,Spn
esto,Spn
estómago,Spn
estrategia,Spn
estratégico,Spn
estrechar,Spn
estrecho,Spn
estrella,Spn
estrenar,Spn
estrictamente,Spn
estricto,Spn
estropear,Spn
estructura,Spn
estudiante,Spn
estudiar,Spn
estudio,Spn
estudioso,Spn
estupendo,Spn
estupidez,Spn
estúpido,Spn
etapa,Spn
etcétera,Spn
eternidad,Spn
eterno,Spn
ética,Spn
ético,Spn
etiqueta,Spn
euforia,Spn
europeo,Spn
evaluar,Spn
evento,Spn
evidencia,Spn
evidente,Spn
evidentemente,Spn
evitar,Spn
evocar,Spn
evolución,Spn
evolucionar,Spn
exactamente,Spn
exactitud,Spn
exacto,Spn
exageración,Spn
exagerado,Spn
exagerar,Spn
examen,Spn
examinar,Spn
exceder,Spn
excelencia,Spn
excelente,Spn
excepción,Spn
excepcional,Spn
excepto,Spn
excesivamente,Spn
excesivo,Spn
exceso,Spn
excitar,Spn
excluir,Spn
exclusivamente,Spn
exclusivo,Spn
excursión,Spn
excusa,Spn
exento,Spn
exhibición,Spn
exhibir,Spn
exigencia,Spn
exigente,Spn
exigir,Spn
exilio,Spn
existencia,Spn
existente,Spn
existir,Spn
éxito,Spn
exótico,Spn
expandir,Spn
expansión,Spn
expectativa,Spn
expedición,Spn
expediente,Spn
experiencia,Spn
experimental,Spn
experimentar,Spn
experimento,Spn
experto,Spn
explicación,Spn
explicar,Spn
explícito,Spn
exploración,Spn
explorar,Spn
explosión,Spn
explotación,Spn
explotar,Spn
exponer,Spn
exportación,Spn
exposición,Spn
expresar,Spn
expresión,Spn
expresivo,Spn
expreso,Spn
expulsar,Spn
expulsión,Spn
exquisito,Spn
extender,Spn
extensión,Spn
extenso,Spn
exterior,Spn
externo,Spn
extinción,Spn
extinguir,Spn
extra,Spn
extraer,Spn
extrañar,Spn
extranjero,Spn
extraño,Spn
extraordinariamente,Spn
extraordinario,Spn
extremadamente,Spn
extremo,Spn
fábrica,Spn
fabricación,Spn
fabricar,Spn
fabuloso,Spn
facción,Spn
fachada,Spn
fácil,Spn
facilidad,Spn
facilitar,Spn
fácilmente,Spn
factor,Spn
factura,Spn
facultad,Spn
faena,Spn
falda,Spn
falla,Spn
fallar,Spn
fallecer,Spn
fallo,Spn
falso,Spn
falta,Spn
faltar,Spn
fama,Spn
familia,Spn
familiar,Spn
famoso,Spn
fantasía,Spn
fantasma,Spn
fantástico,Spn
farmacia,Spn
fascinante,Spn
fascinar,Spn
fase,Spn
fatal,Spn
fatiga,Spn
favor,Spn
favorable,Spn
favorecer,Spn
favorito,Spn
fe,Spn
febrero,Spn
fecha,Spn
felicidad,Spn
felicitar,Spn
feliz,Spn
femenino,Spn
fenómeno,Spn
feo,Spn
feria,Spn
feroz,Spn
ferrocarril,Spn
fértil,Spn
fiar,Spn
fibra,Spn
ficción,Spn
ficha,Spn
fidelidad,Spn
fiebre,Spn
fiel,Spn
fiera,Spn
fiesta,Spn
figura,Spn
figurar,Spn
fijar,Spn
fijo,Spn
fila,Spn
filo,Spn
filosofía,Spn
filosófico,Spn
filósofo,Spn
filtrar,Spn
fin,Spn
final,Spn
finalidad,Spn
finalizar,Spn
finalmente,Spn
financiar,Spn
financiero,Spn
finca,Spn
fingir,Spn
fino,Spn
firma,Spn
firmar,Spn
firme,Spn
firmemente,Spn
firmeza,Spn
fiscal,Spn
físicamente,Spn
físico,Spn
flaco,Spn
flecha,Spn
flexible,Spn
flor,Spn
florecer,Spn
flotar,Spn
fluir,Spn
flujo,Spn
foco,Spn
fomentar,Spn
fondo,Spn
forma,Spn
formación,Spn
formal,Spn
formar,Spn
formidable,Spn
fórmula,Spn
formular,Spn
fortalecer,Spn
fortaleza,Spn
fortuna,Spn
forzar,Spn
fósforo,Spn
foto,Spn
fotografía,Spn
fotográfico,Spn
fotógrafo,Spn
fracasar,Spn
fracaso,Spn
fracción,Spn
frágil,Spn
fragmento,Spn
francamente,Spn
francés,Spn
franco,Spn
franja,Spn
frasco,Spn
frase,Spn
frecuencia,Spn
frecuentar,Spn
frecuente,Spn
frecuentemente,Spn
frenar,Spn
freno,Spn
frente,Spn
fresco,Spn
frialdad,Spn
frío,Spn
frívolo,Spn
frontal,Spn
frontera,Spn
frustración,Spn
frustrado,Spn
fruta,Spn
fruto,Spn
fuego,Spn
fuente,Spn
fuera,Spn
fuerte,Spn
fuertemente,Spn
fuerza,Spn
fuga,Spn
fumar,Spn
función,Spn
funcional,Spn
funcionamiento,Spn
funcionar,Spn
funcionario,Spn
fundación,Spn
fundador,Spn
fundamental,Spn
fundamentalmente,Spn
fundamento,Spn
fundar,Spn
fundir,Spn
furia,Spn
furioso,Spn
fútbol,Spn
futuro,Spn
gabinete,Spn
gala,Spn
galería,Spn
gallina,Spn
gallo,Spn
gama,Spn
gana,Spn
ganado,Spn
ganador,Spn
ganancia,Spn
ganar,Spn
garantía,Spn
garantizar,Spn
garganta,Spn
garra,Spn
gas,Spn
gastar,Spn
gasto,Spn
gato,Spn
generación,Spn
general,Spn
generalizar,Spn
generalmente,Spn
generar,Spn
género,Spn
generosidad,Spn
generoso,Spn
genético,Spn
genial,Spn
genio,Spn
gente,Spn
geografía,Spn
geográfico,Spn
geométrico,Spn
gestión,Spn
gesto,Spn
gigante,Spn
gigantesco,Spn
gira,Spn
girar,Spn
giro,Spn
global,Spn
globo,Spn
gloria,Spn
glorioso,Spn
gobernador,Spn
gobernante,Spn
gobernar,Spn
gobierno,Spn
golpe,Spn
golpear,Spn
goma,Spn
gordo,Spn
gota,Spn
gozar,Spn
grabación,Spn
grabar,Spn
gracia,Spn
gracioso,Spn
grado,Spn
gráfico,Spn
grande,Spn
grandeza,Spn
grandioso,Spn
grano,Spn
grasa,Spn
gratitud,Spn
grato,Spn
gratuito,Spn
grave,Spn
gravedad,Spn
griego,Spn
grieta,Spn
gris,Spn
gritar,Spn
grito,Spn
grosero,Spn
grotesco,Spn
grueso,Spn
grupo,Spn
guante,Spn
guapo,Spn
guardar,Spn
guardia,Spn
guerra,Spn
guerrero,Spn
guía,Spn
guiar,Spn
guitarra,Spn
gusano,Spn
gustar,Spn
gusto,Spn
haber,Spn
hábil,Spn
habilidad,Spn
habitación,Spn
habitante,Spn
habitar,Spn
hábito,Spn
habitual,Spn
habitualmente,Spn
habla,Spn
hablar,Spn
hacer,Spn
hacia,Spn
hacienda,Spn
hallar,Spn
hallazgo,Spn
hambre,Spn
harina,Spn
harto,Spn
hasta,Spn
hazaña,Spn
hecho,Spn
hectárea,Spn
helado,Spn
hembra,Spn
heredar,Spn
heredero,Spn
herencia,Spn
herida,Spn
herido,Spn
herir,Spn
hermana,Spn
hermano,Spn
hermoso,Spn
héroe,Spn
heroico,Spn
herramienta,Spn
hervir,Spn
hielo,Spn
hierba,Spn
hierro,Spn
hígado,Spn
higiene,Spn
hija,Spn
hijo,Spn
hilo,Spn
himno,Spn
hipótesis,Spn
hispano,Spn
historia,Spn
historiador,Spn
histórico,Spn
hogar,Spn
hoja,Spn
hola,Spn
holandés,Spn
hombre,Spn
hombro,Spn
homenaje,Spn
hondo,Spn
honesto,Spn
honor,Spn
honrado,Spn
honrar,Spn
hora,Spn
horario,Spn
horizontal,Spn
horizonte,Spn
hormiga,Spn
horno,Spn
horrible,Spn
horror,Spn
hospital,Spn
hostil,Spn
hostilidad,Spn
hotel,Spn
hoy,Spn
hueco,Spn
huelga,Spn
huella,Spn
hueso,Spn
huevo,Spn
huir,Spn
humanidad,Spn
humano,Spn
humedad,Spn
húmedo,Spn
humilde,Spn
humillación,Spn
humo,Spn
humor,Spn
hundido,Spn
hundir,Spn
ida,Spn
idea,Spn
ideal,Spn
idéntico,Spn
identidad,Spn
identificación,Spn
identificar,Spn
ideología,Spn
ideológico,Spn
idioma,Spn
idiota,Spn
iglesia,Spn
ignorancia,Spn
ignorante,Spn
ignorar,Spn
igual,Spn
igualar,Spn
igualdad,Spn
igualmente,Spn
ilegal,Spn
ilimitado,Spn
iluminación,Spn
iluminado,Spn
iluminar,Spn
ilusión,Spn
ilustración,Spn
ilustrado,Spn
ilustrar,Spn
ilustre,Spn
imagen,Spn
imaginación,Spn
imaginar,Spn
imaginario,Spn
imitación,Spn
imitar,Spn
impacto,Spn
impartir,Spn
impecable,Spn
impedir,Spn
imperial,Spn
imperio,Spn
implacable,Spn
implicar,Spn
imponente,Spn
imponer,Spn
importado,Spn
importancia,Spn
importante,Spn
importar,Spn
imposibilidad,Spn
imposible,Spn
imposición,Spn
impotencia,Spn
impreciso,Spn
imprenta,Spn
imprescindible,Spn
impresión,Spn
impresionante,Spn
impresionar,Spn
impreso,Spn
imprevisto,Spn
imprimir,Spn
improvisar,Spn
impuesto,Spn
impulsar,Spn
impulso,Spn
inaugurar,Spn
incapacidad,Spn
incapaz,Spn
incendio,Spn
incertidumbre,Spn
incidencia,Spn
incidente,Spn
incidir,Spn
incierto,Spn
incipiente,Spn
incitar,Spn
inclinación,Spn
inclinado,Spn
inclinar,Spn
incluir,Spn
inclusive,Spn
incluso,Spn
incómodo,Spn
incomprensible,Spn
inconsciente,Spn
inconveniente,Spn
incorporación,Spn
incorporar,Spn
increíble,Spn
incrementar,Spn
incremento,Spn
incurrir,Spn
incursión,Spn
indagar,Spn
indefinido,Spn
independencia,Spn
independiente,Spn
independientemente,Spn
indicación,Spn
indicar,Spn
índice,Spn
indicio,Spn
indiferencia,Spn
indiferente,Spn
indígena,Spn
indignación,Spn
indio,Spn
indirecto,Spn
indiscutible,Spn
indispensable,Spn
individual,Spn
individuo,Spn
índole,Spn
inducir,Spn
indudable,Spn
indudablemente,Spn
industria,Spn
industrial,Spn
inédito,Spn
inesperado,Spn
inestable,Spn
inevitable,Spn
inevitablemente,Spn
inexistente,Spn
inexplicable,Spn
infancia,Spn
infantil,Spn
infección,Spn
infeliz,Spn
inferior,Spn
infierno,Spn
infinidad,Spn
infinito,Spn
influencia,Spn
influir,Spn
información,Spn
informar,Spn
informativo,Spn
informe,Spn
ingeniero,Spn
ingenio,Spn
ingenioso,Spn
ingenuo,Spn
inglés,Spn
ingrediente,Spn
ingresar,Spn
ingreso,Spn
inicial,Spn
inicialmente,Spn
iniciar,Spn
iniciativa,Spn
inicio,Spn
injusticia,Spn
injusto,Spn
inmediatamente,Spn
inmediato,Spn
inmenso,Spn
inmerso,Spn
inmigrante,Spn
inminente,Spn
inmóvil,Spn
innecesario,Spn
innovación,Spn
innumerable,Spn
inocencia,Spn
inocente,Spn
inolvidable,Spn
inquietante,Spn
inquietar,Spn
inquieto,Spn
inquietud,Spn
inscribir,Spn
inscripción,Spn
insecto,Spn
inseguridad,Spn
inseguro,Spn
inseparable,Spn
insertar,Spn
insignificante,Spn
insinuar,Spn
insistencia,Spn
insistir,Spn
insólito,Spn
insoportable,Spn
inspección,Spn
inspector,Spn
inspiración,Spn
inspirar,Spn
instalación,Spn
instalar,Spn
instancia,Spn
instante,Spn
instinto,Spn
institución,Spn
institucional,Spn
instituto,Spn
instrucción,Spn
instruir,Spn
instrumento,Spn
insuficiente,Spn
insultar,Spn
insulto,Spn
intacto,Spn
integración,Spn
integrante,Spn
integrar,Spn
integridad,Spn
íntegro,Spn
intelectual,Spn
inteligencia,Spn
inteligente,Spn
intención,Spn
intensamente,Spn
intensidad,Spn
intenso,Spn
intentar,Spn
intento,Spn
intercambiar,Spn
intercambio,Spn
interés,Spn
interesado,Spn
interesante,Spn
interesar,Spn
interior,Spn
interlocutor,Spn
intermedio,Spn
interminable,Spn
internacional,Spn
internar,Spn
interno,Spn
interponer,Spn
interpretación,Spn
interpretar,Spn
intérprete,Spn
interrogante,Spn
interrogar,Spn
interrumpir,Spn
interrupción,Spn
intervalo,Spn
intervención,Spn
intervenir,Spn
íntimamente,Spn
intimidad,Spn
íntimo,Spn
introducción,Spn
introducir,Spn
intuición,Spn
intuir,Spn
inundación,Spn
inundar,Spn
inútil,Spn
invadir,Spn
invasión,Spn
invención,Spn
inventar,Spn
invento,Spn
inversión,Spn
inverso,Spn
invertido,Spn
invertir,Spn
investigación,Spn
investigador,Spn
investigar,Spn
invierno,Spn
invisible,Spn
invitación,Spn
invitado,Spn
invitar,Spn
invocar,Spn
involuntario,Spn
inyección,Spn
ir,Spn
ira,Spn
ironía,Spn
irónico,Spn
irracional,Spn
irreal,Spn
irregular,Spn
irreversible,Spn
irritar,Spn
irrumpir,Spn
isla,Spn
italiano,Spn
izquierda,Spn
izquierdo,Spn
jamás,Spn
japonés,Spn
jardín,Spn
jaula,Spn
jefe,Spn
jerarquía,Spn
jinete,Spn
joder,Spn
jornada,Spn
joven,Spn
jovencito,Spn
joya,Spn
judicial,Spn
judío,Spn
juego,Spn
jueves,Spn
juez,Spn
jugada,Spn
jugador,Spn
jugar,Spn
jugo,Spn
juguete,Spn
juicio,Spn
julio,Spn
junio,Spn
junta,Spn
juntar,Spn
junto,Spn
jurar,Spn
jurídico,Spn
justamente,Spn
justicia,Spn
justificación,Spn
justificado,Spn
justificar,Spn
justo,Spn
juvenil,Spn
juventud,Spn
juzgar,Spn
kilo,Spn
kilómetro,Spn
la,Spn
laberinto,Spn
labio,Spn
labor,Spn
laboral,Spn
laboratorio,Spn
laborioso,Spn
lado,Spn
ladrillo,Spn
ladrón,Spn
lago,Spn
lágrima,Spn
laguna,Spn
lamentable,Spn
lamentablemente,Spn
lamentar,Spn
lámina,Spn
lámpara,Spn
lana,Spn
lanzar,Spn
lápiz,Spn
lapso,Spn
largamente,Spn
largar,Spn
largo,Spn
larguísimo,Spn
lástima,Spn
lata,Spn
latente,Spn
lateral,Spn
latín,Spn
latino,Spn
latinoamericano,Spn
latir,Spn
latitud,Spn
lavar,Spn
lazo,Spn
le,Spn
leal,Spn
lealtad,Spn
lección,Spn
leche,Spn
lecho,Spn
lector,Spn
lectura,Spn
leer,Spn
legal,Spn
legislación,Spn
legítimo,Spn
lejano,Spn
lejos,Spn
lema,Spn
leña,Spn
lengua,Spn
lenguaje,Spn
lentamente,Spn
lente,Spn
lentitud,Spn
lento,Spn
león,Spn
lesión,Spn
letra,Spn
levantar,Spn
leve,Spn
ley,Spn
leyenda,Spn
liberación,Spn
liberal,Spn
liberar,Spn
libertad,Spn
libra,Spn
librar,Spn
libre,Spn
libremente,Spn
librería,Spn
libro,Spn
licencia,Spn
líder,Spn
ligado,Spn
ligar,Spn
ligeramente,Spn
ligero,Spn
limitación,Spn
limitado,Spn
limitar,Spn
límite,Spn
limosna,Spn
limpiar,Spn
limpieza,Spn
limpio,Spn
lindo,Spn
línea,Spn
lingüístico,Spn
lío,Spn
liquidar,Spn
líquido,Spn
liso,Spn
lista,Spn
listo,Spn
literalmente,Spn
literario,Spn
literatura,Spn
litro,Spn
liviano,Spn
llama,Spn
llamada,Spn
llamado,Spn
llamar,Spn
llamativo,Spn
llano,Spn
llanto,Spn
llanura,Spn
llave,Spn
llegada,Spn
llegar,Spn
llenar,Spn
lleno,Spn
llevar,Spn
llorar,Spn
llover,Spn
lluvia,Spn
lo,Spn
lobo,Spn
local,Spn
localidad,Spn
localizar,Spn
loco,Spn
locura,Spn
lógica,Spn
lógicamente,Spn
lógico,Spn
lograr,Spn
logro,Spn
lomo,Spn
longitud,Spn
lucha,Spn
luchar,Spn
lucir,Spn
luego,Spn
lugar,Spn
lujo,Spn
lujoso,Spn
luminoso,Spn
luna,Spn
lunes,Spn
luz,Spn
macho,Spn
madera,Spn
madre,Spn
madrugada,Spn
madurar,Spn
madurez,Spn
maduro,Spn
maestra,Spn
maestro,Spn
magia,Spn
mágico,Spn
magnífico,Spn
magnitud,Spn
maíz,Spn
mal,Spn
maldad,Spn
maldición,Spn
maldito,Spn
malestar,Spn
maleta,Spn
maligno,Spn
malo,Spn
mamá,Spn
mañana,Spn
mancha,Spn
mandar,Spn
mandato,Spn
mando,Spn
manejar,Spn
manejo,Spn
manera,Spn
manga,Spn
mango,Spn
manía,Spn
manifestación,Spn
manifestar,Spn
manifiesto,Spn
maniobra,Spn
manipular,Spn
mano,Spn
manta,Spn
mantener,Spn
mantenimiento,Spn
manto,Spn
manual,Spn
manzana,Spn
mapa,Spn
máquina,Spn
maquinaria,Spn
mar,Spn
maravilla,Spn
maravilloso,Spn
marca,Spn
marcar,Spn
marcha,Spn
marchar,Spn
marco,Spn
marea,Spn
margen,Spn
marginal,Spn
marido,Spn
marinero,Spn
marino,Spn
mariposa,Spn
mármol,Spn
marrón,Spn
martes,Spn
martillo,Spn
marzo,Spn
mas,Spn
más,Spn
masa,Spn
máscara,Spn
masculino,Spn
masivo,Spn
matanza,Spn
matar,Spn
mate,Spn
matemática,Spn
matemático,Spn
materia,Spn
material,Spn
materno,Spn
matiz,Spn
matrimonial,Spn
matrimonio,Spn
máximo,Spn
mayo,Spn
mayor,Spn
mayoría,Spn
me,Spn
mecánica,Spn
mecánico,Spn
mecanismo,Spn
medalla,Spn
media,Spn
mediado,Spn
mediano,Spn
mediante,Spn
mediar,Spn
medicamento,Spn
medicina,Spn
médico,Spn
medida,Spn
medieval,Spn
medio,Spn
mediocre,Spn
mediodía,Spn
medir,Spn
meditar,Spn
mejilla,Spn
mejor,Spn
mejora,Spn
mejorar,Spn
melancólico,Spn
melodía,Spn
memoria,Spn
mención,Spn
mencionar,Spn
menor,Spn
menos,Spn
mensaje,Spn
mensual,Spn
mental,Spn
mentalidad,Spn
mentalmente,Spn
mente,Spn
mentir,Spn
mentira,Spn
menudo,Spn
mercado,Spn
mercancía,Spn
merced,Spn
merecer,Spn
mérito,Spn
mero,Spn
mes,Spn
mesa,Spn
meta,Spn
metáfora,Spn
metal,Spn
metálico,Spn
meter,Spn
método,Spn
metro,Spn
mexicano,Spn
mezcla,Spn
mezclado,Spn
mezclar,Spn
mi,Spn
mí,Spn
micrófono,Spn
miedo,Spn
miel,Spn
miembro,Spn
mientras,Spn
miércoles,Spn
mierda,Spn
mil,Spn
milagro,Spn
militar,Spn
millón,Spn
mina,Spn
mínimo,Spn
ministerio,Spn
ministro,Spn
minoría,Spn
minucioso,Spn
minúsculo,Spn
minuto,Spn
mío,Spn
mirada,Spn
mirar,Spn
misa,Spn
miserable,Spn
miseria,Spn
misión,Spn
mismísimo,Spn
mismo,Spn
misterio,Spn
misterioso,Spn
místico,Spn
mitad,Spn
mito,Spn
mixto,Spn
moda,Spn
modalidad,Spn
modelo,Spn
moderno,Spn
modesto,Spn
modificación,Spn
modificar,Spn
modo,Spn
mojado,Spn
mojar,Spn
molde,Spn
molestar,Spn
molestia,Spn
molesto,Spn
molino,Spn
momento,Spn
moneda,Spn
monja,Spn
mono,Spn
monótono,Spn
monstruo,Spn
monstruoso,Spn
montaña,Spn
montar,Spn
monte,Spn
montón,Spn
monumental,Spn
monumento,Spn
moral,Spn
morder,Spn
moreno,Spn
morir,Spn
mortal,Spn
mosaico,Spn
mosca,Spn
mostrar,Spn
motivación,Spn
motivar,Spn
motivo,Spn
motor,Spn
mover,Spn
móvil,Spn
movilizar,Spn
movimiento,Spn
mozo,Spn
muchacha,Spn
muchacho,Spn
muchísimo,Spn
mucho,Spn
mudar,Spn
mudo,Spn
mueble,Spn
muelle,Spn
muerte,Spn
muerto,Spn
muestra,Spn
mujer,Spn
múltiple,Spn
multiplicar,Spn
multitud,Spn
mundial,Spn
mundo,Spn
muñeca,Spn
municipal,Spn
muralla,Spn
muro,Spn
músculo,Spn
museo,Spn
música,Spn
musical,Spn
músico,Spn
muslo,Spn
mutuamente,Spn
mutuo,Spn
muy,Spn
nacer,Spn
nacimiento,Spn
nación,Spn
nacional,Spn
nacionalidad,Spn
nada,Spn
nadar,Spn
nadie,Spn
naranja,Spn
nariz,Spn
narración,Spn
narrar,Spn
nativo,Spn
natural,Spn
naturaleza,Spn
naturalidad,Spn
naturalmente,Spn
navaja,Spn
nave,Spn
navegación,Spn
navegar,Spn
necesariamente,Spn
necesario,Spn
necesidad,Spn
necesitado,Spn
necesitar,Spn
negar,Spn
negativa,Spn
negativo,Spn
negociación,Spn
negociar,Spn
negocio,Spn
negro,Spn
nervio,Spn
nervioso,Spn
neutro,Spn
ni,Spn
nido,Spn
niebla,Spn
nieto,Spn
nieve,Spn
niña,Spn
niñez,Spn
ninguno,Spn
niño,Spn
nítido,Spn
nivel,Spn
no,Spn
noble,Spn
nobleza,Spn
noche,Spn
noción,Spn
nocturno,Spn
nombrar,Spn
nombre,Spn
norma,Spn
normal,Spn
normalidad,Spn
normalmente,Spn
norte,Spn
norteamericano,Spn
nos,Spn
nosotros,Spn
nostalgia,Spn
nota,Spn
notable,Spn
notar,Spn
noticia,Spn
notorio,Spn
novedad,Spn
novela,Spn
novelista,Spn
noventa,Spn
novia,Spn
noviembre,Spn
novio,Spn
nube,Spn
núcleo,Spn
nudo,Spn
nuestro,Spn
nuevamente,Spn
nueve,Spn
nuevo,Spn
nulo,Spn
número,Spn
numeroso,Spn
nunca,Spn
o,Spn
obedecer,Spn
obediencia,Spn
obispo,Spn
objetivo,Spn
objeto,Spn
obligación,Spn
obligado,Spn
obligar,Spn
obligatorio,Spn
obra,Spn
obrar,Spn
obrero,Spn
observación,Spn
observador,Spn
observar,Spn
obsesión,Spn
obstáculo,Spn
obstante,Spn
obtener,Spn
obviamente,Spn
obvio,Spn
ocasión,Spn
ocasional,Spn
ocasionar,Spn
occidental,Spn
océano,Spn
ochenta,Spn
ocho,Spn
ocio,Spn
octubre,Spn
ocultar,Spn
oculto,Spn
ocupación,Spn
ocupado,Spn
ocupar,Spn
ocurrencia,Spn
ocurrir,Spn
odiar,Spn
odio,Spn
oeste,Spn
ofender,Spn
oferta,Spn
oficial,Spn
oficialmente,Spn
oficina,Spn
oficio,Spn
ofrecer,Spn
oh,Spn
oído,Spn
oír,Spn
ojalá,Spn
ojo,Spn
ola,Spn
oler,Spn
olfato,Spn
olla,Spn
olor,Spn
olvidar,Spn
olvido,Spn
once,Spn
onda,Spn
opaco,Spn
opción,Spn
ópera,Spn
operación,Spn
operar,Spn
opinar,Spn
opinión,Spn
oponer,Spn
oportunidad,Spn
oportuno,Spn
oposición,Spn
optar,Spn
optimismo,Spn
optimista,Spn
óptimo,Spn
opuesto,Spn
oración,Spn
oral,Spn
órbita,Spn
orden,Spn
ordenado,Spn
ordenar,Spn
ordinario,Spn
oreja,Spn
orgánico,Spn
organismo,Spn
organización,Spn
organizado,Spn
organizar,Spn
órgano,Spn
orgullo,Spn
orgulloso,Spn
orientación,Spn
orientado,Spn
oriental,Spn
orientar,Spn
oriente,Spn
origen,Spn
original,Spn
originar,Spn
orilla,Spn
oro,Spn
orquesta,Spn
os,Spn
oscilar,Spn
oscurecer,Spn
oscuridad,Spn
oscuro,Spn
oso,Spn
ostentar,Spn
otoño,Spn
otorgar,Spn
otro,Spn
oveja,Spn
oxígeno,Spn
pabellón,Spn
paciencia,Spn
paciente,Spn
pacífico,Spn
pacto,Spn
padecer,Spn
padre,Spn
padrino,Spn
pagar,Spn
página,Spn
pago,Spn
país,Spn
paisaje,Spn
paja,Spn
pájaro,Spn
pala,Spn
palabra,Spn
palacio,Spn
pálido,Spn
palma,Spn
palo,Spn
paloma,Spn
palpar,Spn
pan,Spn
pánico,Spn
panorama,Spn
pantalla,Spn
pantalón,Spn
pañuelo,Spn
papa,Spn
papá,Spn
papel,Spn
paquete,Spn
par,Spn
para,Spn
parada,Spn
parado,Spn
paraíso,Spn
paraje,Spn
paralelo,Spn
paralizado,Spn
paralizar,Spn
parar,Spn
parcela,Spn
parcial,Spn
parcialmente,Spn
pardo,Spn
parecer,Spn
parecido,Spn
pared,Spn
pareja,Spn
parentesco,Spn
paréntesis,Spn
pariente,Spn
parir,Spn
parlamentario,Spn
parque,Spn
párrafo,Spn
parroquia,Spn
parte,Spn
participación,Spn
participante,Spn
participar,Spn
partícula,Spn
particular,Spn
particularmente,Spn
partida,Spn
partidario,Spn
partido,Spn
partir,Spn
parto,Spn
pasado,Spn
pasaje,Spn
pasajero,Spn
pasar,Spn
pasear,Spn
paseo,Spn
pasillo,Spn
pasión,Spn
pasivo,Spn
paso,Spn
pasta,Spn
pastilla,Spn
pasto,Spn
pastor,Spn
pata,Spn
patada,Spn
paterno,Spn
patio,Spn
pato,Spn
patria,Spn
patrimonio,Spn
patriótico,Spn
patrón,Spn
pausa,Spn
pauta,Spn
paz,Spn
pecado,Spn
pecar,Spn
pecho,Spn
peculiar,Spn
pedagógico,Spn
pedazo,Spn
pedir,Spn
pegar,Spn
pelea,Spn
pelear,Spn
película,Spn
peligro,Spn
peligroso,Spn
pelo,Spn
pelota,Spn
pena,Spn
penal,Spn
pendiente,Spn
penetración,Spn
penetrar,Spn
penoso,Spn
pensado,Spn
pensamiento,Spn
pensar,Spn
pensión,Spn
penumbra,Spn
peón,Spn
peor,Spn
pequeñito,Spn
pequeño,Spn
percatar,Spn
percepción,Spn
percibir,Spn
perder,Spn
pérdida,Spn
perdido,Spn
perdón,Spn
perdonar,Spn
perdurar,Spn
perfección,Spn
perfeccionar,Spn
perfectamente,Spn
perfecto,Spn
perfil,Spn
perfilar,Spn
perfume,Spn
periódico,Spn
periodismo,Spn
periodista,Spn
periodístico,Spn
período,Spn
perjudicar,Spn
perjuicio,Spn
perla,Spn
permanecer,Spn
permanencia,Spn
permanente,Spn
permanentemente,Spn
permiso,Spn
permitir,Spn
pero,Spn
perpetuo,Spn
perro,Spn
persecución,Spn
perseguir,Spn
persistente,Spn
persistir,Spn
persona,Spn
personaje,Spn
personal,Spn
personalidad,Spn
personalmente,Spn
perspectiva,Spn
pertenecer,Spn
perteneciente,Spn
pertenencia,Spn
perturbar,Spn
peruano,Spn
perverso,Spn
pesadilla,Spn
pesado,Spn
pesar,Spn
pesca,Spn
pescado,Spn
pescador,Spn
pescar,Spn
peseta,Spn
pésimo,Spn
peso,Spn
peste,Spn
petición,Spn
petróleo,Spn
pez,Spn
piadoso,Spn
piano,Spn
picar,Spn
pico,Spn
pie,Spn
piedad,Spn
piedra,Spn
piel,Spn
pierna,Spn
pieza,Spn
pila,Spn
pilar,Spn
piloto,Spn
pino,Spn
pinta,Spn
pintado,Spn
pintar,Spn
pintor,Spn
pintoresco,Spn
pintura,Spn
pionero,Spn
pirámide,Spn
pisar,Spn
piscina,Spn
piso,Spn
pista,Spn
pistola,Spn
placa,Spn
placer,Spn
plan,Spn
plancha,Spn
planear,Spn
planeta,Spn
plano,Spn
planta,Spn
plantar,Spn
planteamiento,Spn
plantear,Spn
plástico,Spn
plata,Spn
plataforma,Spn
plato,Spn
playa,Spn
plaza,Spn
plazo,Spn
pleito,Spn
plenamente,Spn
plenitud,Spn
pleno,Spn
plomo,Spn
pluma,Spn
población,Spn
poblado,Spn
poblar,Spn
pobre,Spn
pobreza,Spn
poco,Spn
poder,Spn
poderoso,Spn
poema,Spn
poesía,Spn
poeta,Spn
poético,Spn
polémica,Spn
policía,Spn
policial,Spn
política,Spn
político,Spn
pollo,Spn
polo,Spn
polvo,Spn
pólvora,Spn
poner,Spn
popular,Spn
poquito,Spn
por,Spn
porcentaje,Spn
porción,Spn
porque,Spn
porquería,Spn
portador,Spn
portar,Spn
portero,Spn
portugués,Spn
porvenir,Spn
posar,Spn
poseer,Spn
posesión,Spn
posibilidad,Spn
posible,Spn
posiblemente,Spn
posición,Spn
positivo,Spn
posterior,Spn
posteriormente,Spn
postre,Spn
postura,Spn
potencia,Spn
potencial,Spn
potente,Spn
pozo,Spn
práctica,Spn
prácticamente,Spn
practicar,Spn
práctico,Spn
precario,Spn
precaución,Spn
precedente,Spn
preceder,Spn
precio,Spn
precioso,Spn
precipitar,Spn
precisamente,Spn
precisar,Spn
precisión,Spn
preciso,Spn
predecir,Spn
predicar,Spn
predominar,Spn
preferencia,Spn
preferible,Spn
preferido,Spn
preferir,Spn
pregunta,Spn
preguntar,Spn
prejuicio,Spn
prematuro,Spn
premiar,Spn
premio,Spn
prenda,Spn
prender,Spn
prensa,Spn
preocupación,Spn
preocupado,Spn
preocupar,Spn
preparación,Spn
preparado,Spn
preparar,Spn
presa,Spn
prescindir,Spn
presencia,Spn
presenciar,Spn
presentación,Spn
presentar,Spn
presente,Spn
presentir,Spn
preservar,Spn
presidencia,Spn
presidencial,Spn
presidente,Spn
presidir,Spn
presión,Spn
presionar,Spn
preso,Spn
prestado,Spn
préstamo,Spn
prestar,Spn
prestigio,Spn
prestigioso,Spn
presumir,Spn
presunto,Spn
presupuesto,Spn
pretender,Spn
pretensión,Spn
pretexto,Spn
prevalecer,Spn
prevención,Spn
prevenir,Spn
prever,Spn
previamente,Spn
previo,Spn
previsible,Spn
previsión,Spn
previsto,Spn
prima,Spn
primario,Spn
primavera,Spn
primero,Spn
primitivo,Spn
primo,Spn
primordial,Spn
princesa,Spn
principal,Spn
principalmente,Spn
príncipe,Spn
principio,Spn
prioridad,Spn
prisa,Spn
prisión,Spn
prisionero,Spn
privado,Spn
privar,Spn
privilegiado,Spn
privilegio,Spn
probabilidad,Spn
probable,Spn
probablemente,Spn
probar,Spn
problema,Spn
procedencia,Spn
procedente,Spn
proceder,Spn
procedimiento,Spn
procesión,Spn
proceso,Spn
proclamar,Spn
procurar,Spn
prodigioso,Spn
producción,Spn
producir,Spn
productivo,Spn
producto,Spn
productor,Spn
profesión,Spn
profesional,Spn
profesor,Spn
profeta,Spn
profundamente,Spn
profundidad,Spn
profundizar,Spn
profundo,Spn
programa,Spn
programar,Spn
progresar,Spn
progresivo,Spn
progreso,Spn
prohibición,Spn
prohibido,Spn
prohibir,Spn
prolongación,Spn
prolongado,Spn
prolongar,Spn
promesa,Spn
prometer,Spn
promoción,Spn
promover,Spn
pronto,Spn
pronunciar,Spn
propaganda,Spn
propagar,Spn
propiamente,Spn
propiciar,Spn
propicio,Spn
propiedad,Spn
propietario,Spn
propio,Spn
proponer,Spn
proporción,Spn
proporcionar,Spn
proposición,Spn
propósito,Spn
propuesta,Spn
prosa,Spn
proseguir,Spn
prosperar,Spn
protagonista,Spn
protección,Spn
protector,Spn
proteger,Spn
protesta,Spn
protestar,Spn
provecho,Spn
proveer,Spn
proveniente,Spn
provenir,Spn
provincia,Spn
provincial,Spn
provocar,Spn
proximidad,Spn
próximo,Spn
proyección,Spn
proyectar,Spn
proyecto,Spn
prudencia,Spn
prudente,Spn
prueba,Spn
psicología,Spn
psicológico,Spn
psicólogo,Spn
publicación,Spn
públicamente,Spn
publicar,Spn
publicidad,Spn
publicitario,Spn
público,Spn
pueblo,Spn
puente,Spn
puerta,Spn
puerto,Spn
pues,Spn
puesto,Spn
pugna,Spn
pulmón,Spn
pulso,Spn
puñado,Spn
puño,Spn
punta,Spn
punto,Spn
puntual,Spn
puramente,Spn
pureza,Spn
puro,Spn
puta,Spn
que,Spn
qué,Spn
quebrar,Spn
quedar,Spn
quehacer,Spn
queja,Spn
quejar,Spn
quemado,Spn
quemar,Spn
querer,Spn
querido,Spn
queso,Spn
quien,Spn
quién,Spn
quieto,Spn
químico,Spn
quince,Spn
quinientos,Spn
quinto,Spn
quitar,Spn
quizás,Spn
rabia,Spn
racional,Spn
radical,Spn
radicalmente,Spn
radicar,Spn
radio,Spn
raíz,Spn
rama,Spn
ramo,Spn
rancho,Spn
rango,Spn
rápidamente,Spn
rapidez,Spn
rápido,Spn
raro,Spn
rascar,Spn
rasgo,Spn
rastro,Spn
rata,Spn
ratificar,Spn
rato,Spn
ratón,Spn
raya,Spn
rayo,Spn
raza,Spn
razón,Spn
razonable,Spn
razonamiento,Spn
razonar,Spn
reacción,Spn
reaccionar,Spn
real,Spn
realidad,Spn
realismo,Spn
realista,Spn
realización,Spn
realizar,Spn
realmente,Spn
reanudar,Spn
reaparecer,Spn
rebajar,Spn
rebaño,Spn
rebasar,Spn
rebelde,Spn
rebeldía,Spn
rebelión,Spn
recelo,Spn
recepción,Spn
receta,Spn
rechazar,Spn
rechazo,Spn
recibir,Spn
recién,Spn
reciente,Spn
recientemente,Spn
recinto,Spn
recipiente,Spn
recíproco,Spn
recitar,Spn
reclamar,Spn
reclamo,Spn
recobrar,Spn
recoger,Spn
recomendación,Spn
recomendar,Spn
recompensa,Spn
reconocer,Spn
reconocimiento,Spn
reconstrucción,Spn
reconstruir,Spn
recordar,Spn
recorrer,Spn
recorrido,Spn
recortar,Spn
recorte,Spn
recrear,Spn
rectificar,Spn
recto,Spn
recuerdo,Spn
recuperación,Spn
recuperar,Spn
recurrir,Spn
recurso,Spn
red,Spn
redacción,Spn
redactar,Spn
redondo,Spn
reducción,Spn
reducido,Spn
reducir,Spn
reemplazar,Spn
referencia,Spn
referente,Spn
referir,Spn
refinado,Spn
reflejado,Spn
reflejar,Spn
reflejo,Spn
reflexión,Spn
reflexionar,Spn
reforma,Spn
reforzar,Spn
refugiar,Spn
refugio,Spn
regalar,Spn
regalo,Spn
regar,Spn
régimen,Spn
región,Spn
regional,Spn
regir,Spn
registrar,Spn
registro,Spn
regla,Spn
reglamento,Spn
regresar,Spn
regreso,Spn
regular,Spn
reina,Spn
reinar,Spn
reino,Spn
reír,Spn
reiterar,Spn
reivindicación,Spn
relación,Spn
relacionado,Spn
relacionar,Spn
relajar,Spn
relatar,Spn
relativamente,Spn
relativo,Spn
relato,Spn
relevante,Spn
relieve,Spn
religión,Spn
religioso,Spn
reloj,Spn
rematar,Spn
remediar,Spn
remedio,Spn
remitir,Spn
remontar,Spn
remoto,Spn
remover,Spn
renacer,Spn
rencor,Spn
rendimiento,Spn
rendir,Spn
renovación,Spn
renovar,Spn
renta,Spn
renuncia,Spn
renunciar,Spn
reparar,Spn
repartir,Spn
reparto,Spn
repasar,Spn
repente,Spn
repentino,Spn
repercusión,Spn
repertorio,Spn
repetición,Spn
repetido,Spn
repetir,Spn
repleto,Spn
réplica,Spn
replicar,Spn
reponer,Spn
reportaje,Spn
reposar,Spn
reposo,Spn
representación,Spn
representante,Spn
representar,Spn
representativo,Spn
represión,Spn
reprimir,Spn
reprochar,Spn
reproche,Spn
reproducción,Spn
reproducir,Spn
república,Spn
republicano,Spn
requerir,Spn
requisito,Spn
resaltar,Spn
rescatar,Spn
rescate,Spn
resentimiento,Spn
reserva,Spn
reservado,Spn
reservar,Spn
residencia,Spn
residir,Spn
residuo,Spn
resignación,Spn
resignar,Spn
resistencia,Spn
resistir,Spn
resolución,Spn
resolver,Spn
resonancia,Spn
respaldo,Spn
respectivo,Spn
respecto,Spn
respetable,Spn
respetar,Spn
respeto,Spn
respetuoso,Spn
respiración,Spn
respirar,Spn
responder,Spn
responsabilidad,Spn
responsable,Spn
respuesta,Spn
restablecer,Spn
restante,Spn
restar,Spn
restaurante,Spn
restaurar,Spn
resto,Spn
restricción,Spn
resucitar,Spn
resuelto,Spn
resultado,Spn
resultar,Spn
resumen,Spn
resumir,Spn
retener,Spn
retirada,Spn
retirado,Spn
retirar,Spn
retiro,Spn
reto,Spn
retomar,Spn
retornar,Spn
retorno,Spn
retrasar,Spn
retraso,Spn
retrato,Spn
retroceder,Spn
retroceso,Spn
reunión,Spn
reunir,Spn
revelación,Spn
revelar,Spn
reventar,Spn
revés,Spn
revisar,Spn
revisión,Spn
revista,Spn
revivir,Spn
revolución,Spn
revolucionario,Spn
revolver,Spn
revuelto,Spn
rey,Spn
rezar,Spn
rico,Spn
ridículo,Spn
rienda,Spn
riesgo,Spn
rigidez,Spn
rígido,Spn
rigor,Spn
riguroso,Spn
rincón,Spn
riñón,Spn
río,Spn
riqueza,Spn
risa,Spn
rítmico,Spn
ritmo,Spn
rito,Spn
ritual,Spn
rival,Spn
robar,Spn
robo,Spn
robusto,Spn
roca,Spn
roce,Spn
rodar,Spn
rodeado,Spn
rodear,Spn
rodilla,Spn
rogar,Spn
rojo,Spn
rol,Spn
rollo,Spn
romano,Spn
romántico,Spn
romper,Spn
ronda,Spn
ropa,Spn
rosa,Spn
rosado,Spn
rosario,Spn
rostro,Spn
roto,Spn
rotundo,Spn
rozar,Spn
rubio,Spn
rudo,Spn
rueda,Spn
ruido,Spn
ruidoso,Spn
ruina,Spn
rumbo,Spn
rumor,Spn
ruptura,Spn
rural,Spn
ruso,Spn
rústico,Spn
ruta,Spn
rutina,Spn
sábado,Spn
sábana,Spn
saber,Spn
sabiduría,Spn
sabio,Spn
sabor,Spn
sabroso,Spn
sacar,Spn
sacerdote,Spn
saco,Spn
sacrificar,Spn
sacrificio,Spn
sacudir,Spn
sagrado,Spn
sal,Spn
sala,Spn
salario,Spn
salida,Spn
salir,Spn
salón,Spn
saltar,Spn
salto,Spn
salud,Spn
saludable,Spn
saludar,Spn
saludo,Spn
salvación,Spn
salvaje,Spn
salvar,Spn
salvo,Spn
sanción,Spn
sangre,Spn
sangriento,Spn
sanitario,Spn
sano,Spn
santa,Spn
santo,Spn
sargento,Spn
satisfacción,Spn
satisfacer,Spn
satisfactorio,Spn
satisfecho,Spn
se,Spn
secar,Spn
sección,Spn
seco,Spn
secretario,Spn
secreto,Spn
sector,Spn
secuencia,Spn
secular,Spn
secundario,Spn
sed,Spn
seda,Spn
sede,Spn
seducir,Spn
seguida,Spn
seguido,Spn
seguidor,Spn
seguir,Spn
según,Spn
segundo,Spn
seguramente,Spn
seguridad,Spn
seguro,Spn
seis,Spn
selección,Spn
seleccionar,Spn
sello,Spn
selva,Spn
semana,Spn
semanal,Spn
sembrar,Spn
semejante,Spn
semejanza,Spn
semilla,Spn
seminario,Spn
seña,Spn
senador,Spn
señal,Spn
señalar,Spn
sencillamente,Spn
sencillez,Spn
sencillo,Spn
senda,Spn
sendero,Spn
seno,Spn
señor,Spn
señora,Spn
señorita,Spn
sensación,Spn
sensibilidad,Spn
sensible,Spn
sentado,Spn
sentar,Spn
sentencia,Spn
sentido,Spn
sentimental,Spn
sentimiento,Spn
sentir,Spn
separación,Spn
separado,Spn
separar,Spn
septiembre,Spn
séptimo,Spn
sequía,Spn
ser,Spn
serenidad,Spn
sereno,Spn
seriamente,Spn
serie,Spn
seriedad,Spn
serio,Spn
serpiente,Spn
servicio,Spn
servidor,Spn
servidumbre,Spn
servir,Spn
sesenta,Spn
sesión,Spn
setenta,Spn
severo,Spn
sexo,Spn
sexto,Spn
sexual,Spn
si,Spn
sí,Spn
siempre,Spn
sierra,Spn
siesta,Spn
siete,Spn
siglo,Spn
significación,Spn
significado,Spn
significar,Spn
significativo,Spn
signo,Spn
siguiente,Spn
silencio,Spn
silencioso,Spn
silla,Spn
sillón,Spn
silvestre,Spn
simbólico,Spn
símbolo,Spn
similar,Spn
simpatía,Spn
simpático,Spn
simple,Spn
simplemente,Spn
simular,Spn
simultáneamente,Spn
simultáneo,Spn
sin,Spn
sinceramente,Spn
sinceridad,Spn
sincero,Spn
sindicato,Spn
singular,Spn
siniestro,Spn
sino,Spn
síntesis,Spn
sintético,Spn
síntoma,Spn
siquiera,Spn
sirena,Spn
sistema,Spn
sistemático,Spn
sitio,Spn
situación,Spn
situado,Spn
situar,Spn
soberanía,Spn
soberano,Spn
soberbio,Spn
sobra,Spn
sobrar,Spn
sobre,Spn
sobrepasar,Spn
sobresalir,Spn
sobrevenir,Spn
sobrevivir,Spn
sobrino,Spn
social,Spn
socialista,Spn
sociedad,Spn
socio,Spn
sofisticado,Spn
sol,Spn
solamente,Spn
solar,Spn
soldado,Spn
soledad,Spn
solemne,Spn
soler,Spn
solicitar,Spn
solicitud,Spn
solidaridad,Spn
solidario,Spn
sólido,Spn
solitario,Spn
solo,Spn
soltar,Spn
soltero,Spn
solución,Spn
solucionar,Spn
sombra,Spn
sombrero,Spn
sombrío,Spn
someter,Spn
sonar,Spn
soñar,Spn
sonido,Spn
sonoro,Spn
sonreír,Spn
sonriente,Spn
sonrisa,Spn
sopa,Spn
soplar,Spn
soportar,Spn
soporte,Spn
sordo,Spn
sorprendente,Spn
sorprender,Spn
sorprendido,Spn
sorpresa,Spn
sospecha,Spn
sospechar,Spn
sospechoso,Spn
sostener,Spn
sostenido,Spn
sótano,Spn
soviético,Spn
su,Spn
suave,Spn
suavemente,Spn
subir,Spn
súbito,Spn
subjetivo,Spn
subrayar,Spn
subsistir,Spn
subterráneo,Spn
suceder,Spn
sucesión,Spn
sucesivamente,Spn
sucesivo,Spn
suceso,Spn
sucio,Spn
sudar,Spn
sudor,Spn
sueldo,Spn
suelo,Spn
suelto,Spn
sueño,Spn
suerte,Spn
suficiente,Spn
suficientemente,Spn
sufrimiento,Spn
sufrir,Spn
sugerencia,Spn
sugerir,Spn
suicidio,Spn
suizo,Spn
sujetar,Spn
sujeto,Spn
suma,Spn
sumamente,Spn
sumar,Spn
sumergir,Spn
sumido,Spn
sumo,Spn
superar,Spn
superficial,Spn
superficie,Spn
superior,Spn
superioridad,Spn
supervivencia,Spn
suponer,Spn
supremo,Spn
suprimir,Spn
supuestamente,Spn
supuesto,Spn
sur,Spn
surgir,Spn
susceptible,Spn
suscitar,Spn
suspender,Spn
suspirar,Spn
sustancia,Spn
sustentar,Spn
sustituir,Spn
susto,Spn
sutil,Spn
suyo,Spn
tabaco,Spn
tabla,Spn
tablero,Spn
táctica,Spn
tacto,Spn
tal,Spn
talento,Spn
talla,Spn
taller,Spn
talón,Spn
tamaño,Spn
también,Spn
tambor,Spn
tampoco,Spn
tan,Spn
tanque,Spn
tanto,Spn
tapa,Spn
tapar,Spn
tardar,Spn
tarde,Spn
tardío,Spn
tarea,Spn
tarjeta,Spn
tasa,Spn
taxi,Spn
taza,Spn
te,Spn
té,Spn
teatral,Spn
teatro,Spn
techo,Spn
técnica,Spn
técnico,Spn
tecnología,Spn
tecnológico,Spn
tejado,Spn
tejer,Spn
tejido,Spn
tela,Spn
telefónico,Spn
teléfono,Spn
televisión,Spn
televisor,Spn
tema,Spn
temblar,Spn
temblor,Spn
temer,Spn
temeroso,Spn
temor,Spn
temperamento,Spn
temperatura,Spn
templo,Spn
temporada,Spn
temporal,Spn
temprano,Spn
tendencia,Spn
tender,Spn
tendido,Spn
tener,Spn
teniente,Spn
tenis,Spn
tenor,Spn
tensión,Spn
tenso,Spn
tentación,Spn
tentar,Spn
tenue,Spn
teoría,Spn
teórico,Spn
tercero,Spn
tercio,Spn
terminar,Spn
término,Spn
ternura,Spn
terraza,Spn
terremoto,Spn
terreno,Spn
terrestre,Spn
terrible,Spn
terriblemente,Spn
territorio,Spn
terror,Spn
tertulia,Spn
tesis,Spn
tesoro,Spn
testigo,Spn
testimonio,Spn
texto,Spn
ti,Spn
tía,Spn
tibio,Spn
tiempo,Spn
tienda,Spn
tierno,Spn
tierra,Spn
tigre,Spn
timbre,Spn
timidez,Spn
tímido,Spn
tinta,Spn
tinte,Spn
tío,Spn
típico,Spn
tipo,Spn
tira,Spn
tirar,Spn
tiro,Spn
titular,Spn
título,Spn
toalla,Spn
tocar,Spn
todavía,Spn
todo,Spn
tolerancia,Spn
tolerar,Spn
tomar,Spn
tomate,Spn
tonelada,Spn
tono,Spn
tontería,Spn
tonto,Spn
topar,Spn
toque,Spn
torcer,Spn
tormenta,Spn
tornar,Spn
torno,Spn
toro,Spn
torpe,Spn
torre,Spn
torta,Spn
tortura,Spn
total,Spn
totalidad,Spn
totalmente,Spn
trabajador,Spn
trabajar,Spn
trabajo,Spn
tradición,Spn
tradicional,Spn
tradicionalmente,Spn
traducción,Spn
traducir,Spn
traer,Spn
tráfico,Spn
tragar,Spn
tragedia,Spn
trágico,Spn
trago,Spn
traición,Spn
traicionar,Spn
traidor,Spn
traje,Spn
trama,Spn
trámite,Spn
tramo,Spn
trampa,Spn
trance,Spn
tranquilamente,Spn
tranquilidad,Spn
tranquilizar,Spn
tranquilo,Spn
transcurrir,Spn
transcurso,Spn
transformación,Spn
transformar,Spn
transición,Spn
transitar,Spn
tránsito,Spn
transitorio,Spn
transmisión,Spn
transmitir,Spn
transparencia,Spn
transparente,Spn
transportar,Spn
transporte,Spn
tranvía,Spn
trapo,Spn
tras,Spn
trascendencia,Spn
trascendental,Spn
trascendente,Spn
trasero,Spn
trasladar,Spn
traslado,Spn
traspasar,Spn
trastorno,Spn
tratado,Spn
tratamiento,Spn
tratar,Spn
trato,Spn
través,Spn
trayecto,Spn
trayectoria,Spn
trazar,Spn
trazo,Spn
trece,Spn
tregua,Spn
treinta,Spn
tremendo,Spn
tren,Spn
trepar,Spn
tres,Spn
trescientos,Spn
triángulo,Spn
tribu,Spn
tribunal,Spn
trigo,Spn
triple,Spn
triste,Spn
tristeza,Spn
triunfar,Spn
triunfo,Spn
tronco,Spn
trono,Spn
tropa,Spn
tropezar,Spn
tropical,Spn
trozo,Spn
truco,Spn
tu,Spn
tú,Spn
tubo,Spn
tumba,Spn
tumbar,Spn
túnel,Spn
turco,Spn
turismo,Spn
turista,Spn
turístico,Spn
turno,Spn
tuyo,Spn
ubicación,Spn
ubicar,Spn
últimamente,Spn
último,Spn
umbral,Spn
un,Spn
uña,Spn
únicamente,Spn
único,Spn
unidad,Spn
unido,Spn
uniforme,Spn
unión,Spn
unir,Spn
universal,Spn
universidad,Spn
universitario,Spn
universo,Spn
uno,Spn
urbano,Spn
urgencia,Spn
urgente,Spn
usado,Spn
usar,Spn
uso,Spn
usted,Spn
usual,Spn
útil,Spn
utilidad,Spn
utilización,Spn
utilizar,Spn
uva,Spn
vaca,Spn
vacaciones,Spn
vaciar,Spn
vacilar,Spn
vacío,Spn
vago,Spn
vaivén,Spn
valer,Spn
validez,Spn
válido,Spn
valiente,Spn
valioso,Spn
valle,Spn
valor,Spn
valorar,Spn
vanguardia,Spn
vanidad,Spn
vano,Spn
vapor,Spn
vara,Spn
variación,Spn
variado,Spn
variante,Spn
variar,Spn
variedad,Spn
varios,Spn
varón,Spn
vasco,Spn
vaso,Spn
vasto,Spn
vecindad,Spn
vecino,Spn
vegetación,Spn
vegetal,Spn
vehículo,Spn
veinte,Spn
veinticinco,Spn
veinticuatro,Spn
veintidós,Spn
vejez,Spn
vela,Spn
velar,Spn
velo,Spn
velocidad,Spn
veloz,Spn
vena,Spn
vencer,Spn
vendedor,Spn
vender,Spn
veneno,Spn
venganza,Spn
vengar,Spn
venir,Spn
venta,Spn
ventaja,Spn
ventana,Spn
ventanilla,Spn
ver,Spn
vera,Spn
verano,Spn
verbal,Spn
verbo,Spn
verdad,Spn
verdaderamente,Spn
verdadero,Spn
verde,Spn
verdura,Spn
vereda,Spn
vergüenza,Spn
verificar,Spn
versión,Spn
verso,Spn
verter,Spn
vertical,Spn
vertiginoso,Spn
vestido,Spn
vestir,Spn
vestuario,Spn
vez,Spn
vía,Spn
viajar,Spn
viaje,Spn
viajero,Spn
vibración,Spn
vibrar,Spn
viceversa,Spn
vicio,Spn
víctima,Spn
victoria,Spn
vida,Spn
vidrio,Spn
viejo,Spn
viento,Spn
vientre,Spn
viernes,Spn
vigente,Spn
vigilancia,Spn
vigilar,Spn
vigor,Spn
vigoroso,Spn
villa,Spn
vinculado,Spn
vincular,Spn
vínculo,Spn
vino,Spn
violación,Spn
violar,Spn
violencia,Spn
violentamente,Spn
violento,Spn
violín,Spn
virgen,Spn
virtud,Spn
visible,Spn
visión,Spn
visita,Spn
visitante,Spn
visitar,Spn
vislumbrar,Spn
víspera,Spn
vista,Spn
visual,Spn
vital,Spn
vitalidad,Spn
viuda,Spn
vivienda,Spn
vivir,Spn
vivo,Spn
vocabulario,Spn
vocación,Spn
volante,Spn
volar,Spn
volcán,Spn
volcar,Spn
volumen,Spn
voluntad,Spn
voluntariamente,Spn
voluntario,Spn
volver,Spn
vos,Spn
vosotros,Spn
votar,Spn
voto,Spn
voz,Spn
vuelo,Spn
vuelta,Spn
vuestro,Spn
vulgar,Spn
vulnerable,Spn
whisky,Spn
y,Spn
ya,Spn
yo,Spn
zapato,Spn
zona,Spn
